Workbook

Sheet 1 Inicio
B2: Control semanal CXP
B3: Empieza aquí: tres pestañas, en orden.
B6: Qué haces tú normalmente
B7: 1) Abre la pestaña «2 Registro diario». 2) Cada vez que hagas algo, añade una fila nueva. • Elige tu nombre y escribe el identificador del edificio. • Escribe con frases simples qué hiciste. • Pon «Completado» solo si esa parte ya quedó lista del todo. 3) Puedes tener varias filas el mismo día: una por cada tema distinto.
B12: Qué hace el equipo cada lunes
B13: • Actualizar la pestaña «3 Plan semanal» con los edificios de la semana. • Vaciar el registro del día (borrar las filas de datos, no los encabezados azules).
B18: Cómo leer el «Estado» en el plan
B19: • PENDIENTE = aún nadie marcó esa tarea como terminada en el registro. • FINALIZADO = al menos una vez alguien puso «Completado» para ese edificio. Tú no escribas en esa columna: se calcula sola.
B25: ¿Dudas? Pide ayuda a quien cargue el plan semanal — el archivo no pierde fórmulas al borrar filas del registro.

Sheet 2 Registro diario
A1: Registro diario — escribe aquí cada actividad
A2: Una fila = una cosa que hiciste en un edificio. Usa listas solo para nombre y avance.
A4: Consejo: al terminar la fila, pulsa Tab o Enter; puedes añadir filas desde el borde inferior de la tabla.
A5: Fecha | B5: Nombre | C5: IdEdificio | D5: Actividad | E5: Avance
A6: 17/04/2026 | B6: Yoiner | C6: 2566 | D6: Facturas JDC | E6: Completado
A7: 17/04/2026 | B7: Yoiner | C7: 2587 | D7: Paquete contador | E7: En curso
A8: 17/04/2026 | B8: Yoiner | C8: 2614 | D8: Rendición 2614 | E8: Completado
A9: 17/04/2026 | B9: Genesis Quintero | C9: 2616 | D9: Revisión 2616 con MH | E9: Completado
A10: 17/04/2026 | B10: Genesis Quintero | C10: 2586 | D10: Rendición 2586 | E10: Completado
A11: 17/04/2026 | B11: Genesis Quintero | C11: 2575 | D11: Rendición Campo Neblina | E11: En curso
A12: 17/04/2026 | B12: Yumilka | C12: 2604 | D12: Corpoelec | E12: En curso
A13: 17/04/2026 | B13: Yumilka | C13: 2573 | D13: Archivos | E13: En curso
A14: 17/04/2026 | B14: Yumilka | C14: 2587 | D14: Pagos proveedores | E14: En curso
A15: 17/04/2026 | B15: Sandra | C15: 2616 | D15: Comunicación JDC 2616 | E15: Completado
A16: 17/04/2026 | B16: Sandra | C16: 2604 | D16: Cuadro CANTV | E16: En curso
... A19: 17/04/2026 | B19: Yoiner | C19: 2573 | D19: Conciliación 8667 | E19: En curso

Sheet 3 Plan semanal
A1: Plan de la semana — edificios y prioridades
A2: Solo quien coordina edita aquí los edificios y prioridades. La columna Estado se calcula sola.
A5: IdEdificio | B5: Prioridad | C5: Coordinador | D5: Estado
A6: 2566 | B6: Facturación | D6: =IF(COUNTIFS('2 Registro diario'!$C:$C,A6,'2 Registro diario'!$E:$E,"Completado")>0,"FINALIZADO","PENDIENTE")
A7: 2587 | B7: Facturación | D7: =IF(COUNTIFS('2 Registro diario'!$C:$C,A7,'2 Registro diario'!$E:$E,"Completado")>0,"FINALIZADO","PENDIENTE")
A8: 2573 | B8: Facturación | D8: =IF(COUNTIFS('2 Registro diario'!$C:$C,A8,'2 Registro diario'!$E:$E,"Completado")>0,"FINALIZADO","PENDIENTE")
A9: 2616 | B9: Rendición | D9: =IF(COUNTIFS('2 Registro diario'!$C:$C,A9,'2 Registro diario'!$E:$E,"Completado")>0,"FINALIZADO","PENDIENTE")
A10: 2586 | B10: Rendición | D10: =IF(COUNTIFS('2 Registro diario'!$C:$C,A10,'2 Registro diario'!$E:$E,"Completado")>0,"FINALIZADO","PENDIENTE")
A11: 2614 | B11: Rendición | D11: =IF(COUNTIFS('2 Registro diario'!$C:$C,A11,'2 Registro diario'!$E:$E,"Completado")>0,"FINALIZADO","PENDIENTE")
A12: 2575 | B12: Rendición | D12: =IF(COUNTIFS('2 Registro diario'!$C:$C,A12,'2 Registro diario'!$E:$E,"Completado")>0,"FINALIZADO","PENDIENTE")
A13: 2604 | B13: Rendición | D13: =IF(COUNTIFS('2 Registro diario'!$C:$C,A13,'2 Registro diario'!$E:$E,"Completado")>0,"FINALIZADO","PENDIENTE")

Sheet 4 Vista por empleado
A1: Vista rápida por empleado
A2: Cada columna se actualiza sola con el Registro diario para esa persona.
A5: Yoiner | C5: Genesis Quintero | E5: Yumilka | G5: Sandra
A6: =IFNA(ARRAYFORMULA(FILTER('2 Registro diario'!$A$6:$A1000; '2 Registro diario'!$B$6:$B1000=A$5) & " | " & FILTER('2 Registro diario'!$C$6:$C1000; '2 Registro diario'!$B$6:$B1000=A$5) & " | " & FILTER('2 Registro diario'!$D$6:$D1000; '2 Registro diario'!$B$6:$B1000=A$5) & " | " & FILTER('2 Registro diario'!$E$6:$E1000; '2 Registro diario'!$B$6:$B1000=A$5)); "(sin registros)") | C6: =IFNA(ARRAYFORMULA(FILTER('2 Registro diario'!$A$6:$A1000; '2 Registro diario'!$B$6:$B1000=C$5) & " | " & FILTER('2 Registro diario'!$C$6:$C1000; '2 Registro diario'!$B$6:$B1000=C$5) & " | " & FILTER('2 Registro diario'!$D$6:$D1000; '2 Registro diario'!$B$6:$B1000=C$5) & " | " & FILTER('2 Registro diario'!$E$6:$E1000; '2 Registro diario'!$B$6:$B1000=C$5)); "(sin registros)") | E6: =IFNA(ARRAYFORMULA(FILTER('2 Registro diario'!$A$6:$A1000; '2 Registro diario'!$B$6:$B1000=E$5) & " | " & FILTER('2 Registro diario'!$C$6:$C1000; '2 Registro diario'!$B$6:$B1000=E$5) & " | " & FILTER('2 Registro diario'!$D$6:$D1000; '2 Registro diario'!$B$6:$B1000=E$5) & " | " & FILTER('2 Registro diario'!$E$6:$E1000; '2 Registro diario'!$B$6:$B1000=E$5)); "(sin registros)") | G6: =IFNA(ARRAYFORMULA(FILTER('2 Registro diario'!$A$6:$A1000; '2 Registro diario'!$B$6:$B1000=G$5) & " | " & FILTER('2 Registro diario'!$C$6:$C1000; '2 Registro diario'!$B$6:$B1000=G$5) & " | " & FILTER('2 Registro diario'!$D$6:$D1000; '2 Registro diario'!$B$6:$B1000=G$5) & " | " & FILTER('2 Registro diario'!$E$6:$E1000; '2 Registro diario'!$B$6:$B1000=G$5)); "(sin registros)")

Sheet 5 Reporte semanal
A1: Reporte semanal — mismo formato del registro diario
A2: Al final del dia registra en «2 Registro diario» y aqui se consolida automaticamente por semana.
A5: Fecha inicio semana | B5: 14/04/2026
A6: Fecha fin semana | B6: 20/04/2026
A8: ="Semana de " & TEXT($B$5; "dd/mm/yyyy") & " a " & TEXT($B$6; "dd/mm/yyyy")
A9: Usa formato dd/mm/aaaa en B5 y B6.
A11: Fecha | B11: Nombre | C11: IdEdificio | D11: Actividad | E11: Avance
A12: =IFNA(FILTER('2 Registro diario'!$A$6:$A1000; ('2 Registro diario'!$A$6:$A1000 >= $B$5) * ('2 Registro diario'!$A$6:$A1000 <= $B$6)); "") | B12: =IFNA(FILTER('2 Registro diario'!$B$6:$B1000; ('2 Registro diario'!$A$6:$A1000 >= $B$5) * ('2 Registro diario'!$A$6:$A1000 <= $B$6)); "") | C12: =IFNA(FILTER('2 Registro diario'!$C$6:$C1000; ('2 Registro diario'!$A$6:$A1000 >= $B$5) * ('2 Registro diario'!$A$6:$A1000 <= $B$6)); "") | D12: =IFNA(FILTER('2 Registro diario'!$D$6:$D1000; ('2 Registro diario'!$A$6:$A1000 >= $B$5) * ('2 Registro diario'!$A$6:$A1000 <= $B$6)); "") | E12: =IFNA(FILTER('2 Registro diario'!$E$6:$E1000; ('2 Registro diario'!$A$6:$A1000 >= $B$5) * ('2 Registro diario'!$A$6:$A1000 <= $B$6)); "")

Sheet 6 Reporte diario texto
A1: Reporte diario en texto (dinámico)
A2: Fecha objetivo | B2: =IFERROR(IF(MAX('2 Registro diario'!$A$6:$A)=0; TODAY(); MAX('2 Registro diario'!$A$6:$A)); TODAY())
A4: ="*Resumen gestión cxp del " & TEXT($B$2; "dd/mm/yyyy") & ":*"
A6: ="*Pendientes del " & TEXT($B$2; "dd/mm/yyyy") & " según planificación:*"
A7: =IFNA(ARRAYFORMULA("-Revisar gestión del edificio " & FILTER('3 Plan semanal'!$A$6:$A; '3 Plan semanal'!$A$6:$A<>""; MAP('3 Plan semanal'!$A$6:$A; LAMBDA(edificio; COUNTIFS('2 Registro diario'!$C$6:$C; edificio; '2 Registro diario'!$A$6:$A; $B$2; '2 Registro diario'!$E$6:$E; "Completado")=0))) & "."); "-Sin pendientes según planificación.")
A15: ="*Realizados pendientes del " & TEXT($B$2; "dd/mm/yyyy") & ":*"
A16: =IFNA(ARRAYFORMULA("-" & FILTER('2 Registro diario'!$D$6:$D; '2 Registro diario'!$A$6:$A=$B$2; '2 Registro diario'!$E$6:$E="Completado") & " (Edificio " & FILTER('2 Registro diario'!$C$6:$C; '2 Registro diario'!$A$6:$A=$B$2; '2 Registro diario'!$E$6:$E="Completado") & ")."); "-Sin pendientes realizados en esta fecha.")
A24: ="*Resumen individual gestión cxp del " & TEXT($B$2; "dd/mm/yyyy") & ":*"
A26: YOINER:
A27: =IFNA(ARRAYFORMULA("-" & FILTER('2 Registro diario'!$D$6:$D; '2 Registro diario'!$A$6:$A=$B$2; '2 Registro diario'!$B$6:$B="Yoiner") & " (Edificio " & FILTER('2 Registro diario'!$C$6:$C; '2 Registro diario'!$A$6:$A=$B$2; '2 Registro diario'!$B$6:$B="Yoiner") & ")."); "-Sin registros en la fecha.")
A33: GENESIS QUINTERO:
A34: =IFNA(ARRAYFORMULA("-" & FILTER('2 Registro diario'!$D$6:$D; '2 Registro diario'!$A$6:$A=$B$2; '2 Registro diario'!$B$6:$B="Genesis Quintero") & " (Edificio " & FILTER('2 Registro diario'!$C$6:$C; '2 Registro diario'!$A$6:$A=$B$2; '2 Registro diario'!$B$6:$B="Genesis Quintero") & ")."); "-Sin registros en la fecha.")
A40: YUMILKA:
A41: =IFNA(ARRAYFORMULA("-" & FILTER('2 Registro diario'!$D$6:$D; '2 Registro diario'!$A$6:$A=$B$2; '2 Registro diario'!$B$6:$B="Yumilka") & " (Edificio " & FILTER('2 Registro diario'!$C$6:$C; '2 Registro diario'!$A$6:$A=$B$2; '2 Registro diario'!$B$6:$B="Yumilka") & ")."); "-Sin registros en la fecha.")
A47: SANDRA:
A48: =IFNA(ARRAYFORMULA("-" & FILTER('2 Registro diario'!$D$6:$D; '2 Registro diario'!$A$6:$A=$B$2; '2 Registro diario'!$B$6:$B="Sandra") & " (Edificio " & FILTER('2 Registro diario'!$C$6:$C; '2 Registro diario'!$A$6:$A=$B$2; '2 Registro diario'!$B$6:$B="Sandra") & ")."); "-Sin registros en la fecha.")
A54: ="Pendientes para el " & TEXT($B$2+3; "dd/mm/yyyy") & ":"
A55: =IFNA(ARRAYFORMULA("-Revisar gestión del edificio " & FILTER('3 Plan semanal'!$A$6:$A; '3 Plan semanal'!$A$6:$A<>""; MAP('3 Plan semanal'!$A$6:$A; LAMBDA(edificio; COUNTIFS('2 Registro diario'!$C$6:$C; edificio; '2 Registro diario'!$A$6:$A; $B$2; '2 Registro diario'!$E$6:$E; "Completado")=0)))); "-Sin pendientes.")

Sheet 7 Reporte semanal texto
A1: Reporte semanal en texto (dinámico)
A2: Fecha inicio semana | B2: 14/04/2026
A3: Fecha fin semana | B3: 20/04/2026
A5: ="*Resumen semana Laboral CXP (" & TEXT($B$2; "dd/mm/yyyy") & " al " & TEXT($B$3; "dd/mm/yyyy") & "):*"
A7: *Prioridades:*
A8: =IFNA(ARRAYFORMULA("-" & FILTER('3 Plan semanal'!$B$6:$B1000; '3 Plan semanal'!$A$6:$A1000<>"") & ": " & FILTER('3 Plan semanal'!$A$6:$A1000; '3 Plan semanal'!$A$6:$A1000<>"")); "-Sin prioridades registradas.")
A18: *Logrado:*
A19: =IFNA(ARRAYFORMULA("-" & FILTER('2 Registro diario'!$D$6:$D1000; '2 Registro diario'!$A$6:$A1000>=$B$2; '2 Registro diario'!$A$6:$A1000<=$B$3; '2 Registro diario'!$E$6:$E1000="Completado") & " (Edificio " & FILTER('2 Registro diario'!$C$6:$C1000; '2 Registro diario'!$A$6:$A1000>=$B$2; '2 Registro diario'!$A$6:$A1000<=$B$3; '2 Registro diario'!$E$6:$E1000="Completado") & " - " & TEXT(FILTER('2 Registro diario'!$A$6:$A1000; '2 Registro diario'!$A$6:$A1000>=$B$2; '2 Registro diario'!$A$6:$A1000<=$B$3; '2 Registro diario'!$E$6:$E1000="Completado"); "dd/mm/yyyy") & ")."); "-No hay actividades marcadas como completadas en la semana.")

Sheet 8 Catalogo edificios
A1: Catalogo de edificios
A2: Agrega aqui todos los edificios (actuales y futuros). Este catalogo alimenta el conteo semanal.
A5: IdEdificio | B5: NombreEdificio | C5: Activo
A6: 2566 | C6: Si
A7: 2573 | C7: Si
A8: 2575 | C8: Si
A9: 2586 | C9: Si
A10: 2587 | C10: Si
A11: 2604 | C11: Si
A12: 2614 | C12: Si
A13: 2616 | C13: Si
